{"startTime":1531884156.948944,"endTime":1531884176.448538,"timing":[[1531884156.948944,1531884156.948944,0,"2-frame"],[1531884157.448804,1531884157.448804,1,"3-frame"],[1531884157.949256,1531884157.949256,2,"4-frame"],[1531884158.448576,1531884158.448576,3,"5-frame"],[1531884158.948988,1531884158.948988,4,"6-frame"],[1531884159.448859,1531884159.448859,5,"7-frame"],[1531884159.949288,1531884159.949288,6,"8-frame"],[1531884160.399393,1531884160.399393,7,"9-frame"],[1531884160.898719,1531884160.898719,8,"10-frame"],[1531884161.448367,1531884161.448367,9,"11-frame"],[1531884161.949379,1531884161.949379,10,"12-frame"],[1531884162.449224,1531884162.449224,11,"13-frame"],[1531884162.949103,1531884162.949103,12,"14-frame"],[1531884163.44954,1531884163.44954,13,"15-frame"],[1531884163.948867,1531884163.948867,14,"16-frame"],[1531884164.448725,1531884164.448725,15,"17-frame"],[1531884164.948608,1531884164.948608,16,"18-frame"],[1531884165.448501,1531884165.448501,17,"19-frame"],[1531884165.94837,1531884165.94837,18,"20-frame"],[1531884166.448257,1531884166.448257,19,"21-frame"],[1531884166.948105,1531884166.948105,20,"22-frame"],[1531884167.447977,1531884167.447977,21,"23-frame"],[1531884167.948415,1531884167.948415,22,"24-frame"],[1531884168.398545,1531884168.398545,23,"25-frame"],[1531884168.948169,1531884168.948169,24,"26-frame"],[1531884169.448589,1531884169.448589,25,"27-frame"],[1531884169.948495,1531884169.948495,26,"28-frame"],[1531884170.448363,1531884170.448363,27,"29-frame"],[1531884170.899008,1531884170.899008,28,"30-frame"],[1531884171.399439,1531884171.399439,29,"31-frame"],[1531884171.899867,1531884171.899867,30,"32-frame"],[1531884172.399197,1531884172.399197,31,"33-frame"],[1531884172.899061,1531884172.899061,32,"34-frame"],[1531884173.398972,1531884173.398972,33,"35-frame"],[1531884173.949133,1531884173.949133,34,"36-frame"],[1531884174.398704,1531884174.398704,35,"37-frame"],[1531884174.898574,1531884174.898574,36,"38-frame"],[1531884175.448766,1531884175.448766,37,"39-frame"],[1531884175.949222,1531884175.949222,38,"40-frame"],[1531884176.448538,1531884176.448538,39,"41-frame"]]}